[
	{
		"id":"1",
		"name":"레몬",
		"price":"3000",
		"description":"레몬에 포함되어 있는 구엔산은 피로회복에 좋다"
	},
	{
		"id":"2",
		"name":"키위",
		"price":"6000",
		"description":"비타민C가 풍부하다"
	},
	{
		"id":"3",
		"name":"블루베리",
		"price":"5000",
		"description":"안토시아닌은 눈피로에 효과가 있다"
	},
	{
		"id":"4",
		"name":"메론",
		"price":"9000",
		"description":"비타민 A와 칼륨이 많이 포함되어 있다"
	},
	{
		"id":"5",
		"name":"수박",
		"price":"15000",
		"description":"수분이 풍부한 과일이다"
	}
]