---------------------------------------------------------------------------ADMIN
DROP TABLE BOARD;
DROP TABLE CART;
DROP TABLE PRODUCT;
DROP TABLE MEMBER;
DROP TABLE ADMIN;

CREATE TABLE ADMIN(
    aID VARCHAR2(100) PRIMARY KEY,
    aPW VARCHAR2(100) NOT NULL,
    aNAME VARCHAR2(100) NOT NULL
);
INSERT INTO ADMIN VALUES ('admin1', '1234', '관리자1');
INSERT INTO ADMIN VALUES ('admin2', '1234', '관리자2');
SELECT * FROM ADMIN;

--------------------------------------------------------------------------MEMBER
CREATE TABLE MEMBER(
    mID VARCHAR2(100) PRIMARY KEY,
    mPW VARCHAR2(100) NOT NULL,
    mNAME VARCHAR2(100) NOT NULL,
    mNICKNAME VARCHAR2(100),
    mTEL VARCHAR2(100) UNIQUE,
    mEMAIL VARCHAR2(100) UNIQUE,
    mBIRTH DATE,
    mGENDER VARCHAR2(5),
    mADDRESS VARCHAR2(100),
    mRDATE DATE DEFAULT SYSDATE NOT NULL
);
INSERT INTO MEMBER (mID, mPW, mNAME, mNICKNAME, mTEL, mEMAIL, mBIRTH, mGENDER, mADDRESS)
    VALUES ('aaaa', '1111', '홍길동', '동동동', '010-1234-5678', 'hong@naver.com', '1999-09-09', 'm', '서울시 서대문구');
INSERT INTO MEMBER (mID, mPW, mNAME, mNICKNAME, mTEL, mEMAIL, mBIRTH, mGENDER, mADDRESS)
    VALUES ('bbbb', '1111', '홍길이', '이이이', '010-1111-5678', 'hd@naver.com', '2000-02-02', 'f', '서울시 강남구');
INSERT INTO MEMBER (mID, mPW, mNAME, mNICKNAME, mTEL, mEMAIL, mBIRTH, mGENDER, mADDRESS)
    VALUES ('cccc', '1111', '홍길은', '은은은', '010-2345-5678', 'hng@naver.com', '1997-09-18', 'm', '서울시 강북구');
INSERT INTO MEMBER (mID, mPW, mNAME, mNICKNAME, mTEL, mEMAIL, mBIRTH, mGENDER, mADDRESS)
    VALUES ('dddd', '1111', '홍길금', '금금금', '010-5855-5678', 'hn@naver.com', '1988-12-09', 'f', '서울시 강서구');
SELECT * FROM MEMBER;

-------------------------------------------------------------------------PRODUCT
CREATE TABLE PRODUCT(
    pNAME VARCHAR2(100) PRIMARY KEY,
    pPRICE NUMBER(9) NOT NULL,
    pSTOCK NUMBER(3) NOT NULL,
    pSIZE VARCHAR2(50) NOT NULL,
    pAIMAGE VARCHAR2(100) NOT NULL,
    pBIMAGE VARCHAR2(100),
    pCONTENT VARCHAR2(4000)
);
INSERT INTO PRODUCT VALUES ('상품1', 35000, 5, 'S사이즈', '대표이미지1', '상세이미지1', NULL);
INSERT INTO PRODUCT VALUES ('상품2', 78000, 15, 'M사이즈', '대표이미지2', '상세이미지2', NULL);
INSERT INTO PRODUCT VALUES ('상품3', 120000, 8, 'L사이즈', '대표이미지3', '상세이미지3', NULL);
INSERT INTO PRODUCT VALUES ('상품4', 785000, 10, 'XL사이즈', '대표이미지4', '상세이미지4', NULL);
SELECT * FROM PRODUCT;

----------------------------------------------------------------------------CART
DROP SEQUENCE CARTNUM_SEQ;
CREATE TABLE CART(
    cID NUMBER(2) PRIMARY KEY,
    mID VARCHAR2(100) REFERENCES MEMBER(mID),
    pNAME VARCHAR2(100) REFERENCES PRODUCT(pNAME),
    cSTOCK NUMBER(2) DEFAULT 1 NOT NULL,
    cPRICE NUMBER(9) NOT NULL
);
CREATE SEQUENCE CARTNUM_SEQ MAXVALUE 99 NOCACHE NOCYCLE;
INSERT INTO CART VALUES (CARTNUM_SEQ.NEXTVAL, 'aaaa', '상품1', 1, 35000);
INSERT INTO CART VALUES (CARTNUM_SEQ.NEXTVAL, 'aaaa', '상품2', 3, 234000);
INSERT INTO CART VALUES (CARTNUM_SEQ.NEXTVAL, 'aaaa', '상품3', 2, 240000);
INSERT INTO CART VALUES (CARTNUM_SEQ.NEXTVAL, 'bbbb', '상품4', 1, 785000);
INSERT INTO CART VALUES (CARTNUM_SEQ.NEXTVAL, 'bbbb', '상품2', 3, 156000);
INSERT INTO CART VALUES (CARTNUM_SEQ.NEXTVAL, 'bbbb', '상품3', 2, 240000);
INSERT INTO CART VALUES (CARTNUM_SEQ.NEXTVAL, 'cccc', '상품1', 1, 35000);
INSERT INTO CART VALUES (CARTNUM_SEQ.NEXTVAL, 'cccc', '상품2', 3, 234000);
INSERT INTO CART VALUES (CARTNUM_SEQ.NEXTVAL, 'cccc', '상품3', 2, 240000);
SELECT * FROM CART;

---------------------------------------------------------------------------BOARD
DROP SEQUENCE BOARDNUM_SEQ;
CREATE TABLE BOARD(
    bID NUMBER(5) PRIMARY KEY,
    mID VARCHAR2(100) REFERENCES MEMBER(mID),
    bNAME VARCHAR2(100) NOT NULL,
    bNICKNAME VARCHAR2(100),
    bTITLE VARCHAR2(100) NOT NULL,
    bCONTENT VARCHAR2(4000) NOT NULL,
    bFILENAME VARCHAR2(100),
    bHIT NUMBER(6) DEFAULT 0,
    bGROUP NUMBER(6),
    bSTEP NUMBER(6),
    bINDENT NUMBER(6),
    bRDATE DATE DEFAULT SYSDATE NOT NULL
);
CREATE SEQUENCE BOARDNUM_SEQ MAXVALUE 99999 NOCACHE NOCYCLE;
INSERT INTO BOARD (bID, mID, bNAME, bNICKNAME, bTITLE, bCONTENT, bFILENAME, bHIT, bGROUP, bSTEP, bINDENT)
    VALUES (BOARDNUM_SEQ.NEXTVAL, 'aaaa', '홍길동', '홍홍홍', '제목1', '내용1', '1.XML' , 0, BOARDNUM_SEQ.CURRVAL, 0, 0);
INSERT INTO BOARD (bID, mID, bNAME, bNICKNAME, bTITLE, bCONTENT, bFILENAME, bHIT, bGROUP, bSTEP, bINDENT)
    VALUES (BOARDNUM_SEQ.NEXTVAL, 'bbbb', '홍길동', '홍홍홍', '제목1', '내용1', '1.XML' , 0, BOARDNUM_SEQ.CURRVAL, 0, 0);
SELECT * FROM BOARD;







